{"optJ1": {"pads": {"1": [124.72, -105.289999], "2": [124.72, -107.829999], "3": [124.72, -110.369999], "4": [124.72, -112.909999], "5": [124.72, -115.449999], "6": [124.72, -117.989999], "7": [124.72, -120.529999], "8": [124.72, -123.069999], "9": [124.72, -125.609999], "10": [124.72, -128.149999], "11": [124.72, -130.689999], "12": [124.72, -133.229999], "13": [124.72, -135.769999], "14": [124.72, -138.309999]}, "pin_normal_z": -1.0}, "p4_JB": {"pads": {"1": [121.535, -129.28], "2": [124.075, -129.28], "3": [126.615, -129.28], "4": [129.155, -129.28], "5": [131.695, -129.28], "6": [134.235, -129.28], "7": [136.775, -129.28], "8": [139.315, -129.28], "9": [141.855, -129.28], "10": [144.395, -129.28], "11": [146.935, -129.28], "12": [149.475, -129.28], "13": [152.015, -129.28], "14": [154.555, -129.28]}, "pin_normal_z": -1.0}, "p4_JA": {"pads": {"1": [131.695, -110.72], "2": [134.235, -110.72], "3": [136.775, -110.72], "4": [139.315, -110.72], "5": [141.855, -110.72], "6": [144.395, -110.72], "7": [146.935, -110.72], "8": [149.475, -110.72], "9": [152.015, -110.72], "10": [154.555, -110.72], "11": [157.095, -110.72], "12": [159.635, -110.72]}, "pin_normal_z": 1.0}, "fc_J1": {"pads": {"1": [131.699999, -110.72], "2": [134.239999, -110.72], "3": [136.779999, -110.72], "4": [139.319999, -110.72], "5": [141.859999, -110.72], "6": [144.399999, -110.72], "7": [146.939999, -110.72], "8": [149.479999, -110.72], "9": [152.019999, -110.72], "10": [154.559999, -110.72], "11": [157.099999, -110.72], "12": [159.639999, -110.72]}, "pin_normal_z": -1.0}}